Shopify Hat and Beyond (Standard),Amazon Hat and Beyond,Amazon Hat and Beyond (version 2),Amazon Hat and Beyond (version 3),Amazon Ma Croix,Amazon Ma Croix (version 2),Amazon Ma Croix (version 3)
1TAA0001-00S-BLACK,B07MF22QLN,B07D8DWY3R,,B07D8J7523,,
1TAA0001-00S-CAROLINABLUE,B06XCT7MVR,B07D8D797P,,B07D8F3889,,
1TAA0001-00S-CHARCOAL,B07DWD7SL1,B07DWC6681,,NoListing,,
1TAA0001-00S-GOLD,B06XN6K99N,B07DWK822T,,B07D8HVWGJ,,
1TAA0001-00S-HEATHERGRAY,B06XD4CD79,B07D8DBPHG,,B07D8CKQLW,,
1TAA0001-00S-NAVY,B06XCYSJ8T,B07DWDXPYQ,,B07D8GV46F,,
1TAA0001-00S-ORANGE,B07D1DX781,B07FGFGT27,,B07D8FDD9S,,
1TAA0001-00S-RED,B06XN5LVSR,B07D8D68DK,,B07D8F9KQF,,
1TAA0001-00S-ROYALBLUE,B06XN5ZVNK,B07D8DBQ6T,,B07D8JNL4H,,
1TAA0001-00S-WHITE,B06XD2966T,B07DWCNJW3,,B07D8JM9WD,,
1TAA0001-00M-BLACK,B06XCFX39S,B07D8CJBTZ,,B07D8FJQXL,,
1TAA0001-00M-CAROLINABLUE,B06XD586WL,B07D8FKWX9,,B07D8DC5HK,,
1TAA0001-00M-CHARCOAL,B07DWCXSML,B07DWBLMMV,,NoListing,,
1TAA0001-00M-GOLD,B06XCZLQJT,B07DWKQSS1,,B07D8CJBF9,,
1TAA0001-00M-HEATHERGRAY,B06XD624QX,B07D8LG9Z1,,B07D8FPK52,,
1TAA0001-00M-NAVY,B06XCQSQB2,B07DWFPYFQ,,B07D8CWYW6,,
1TAA0001-00M-ORANGE,B07D1G642B,B07DWG27V4,,B07D8GBYQV,,
1TAA0001-00M-RED,B06XCTR652,B07D8F385V,,B07D8JCBP4,,
1TAA0001-00M-ROYALBLUE,B06XCYR5XL,B07D8DDYH8,,B07D8DBR1Z,,
1TAA0001-00M-WHITE,B06XCTR6H8,B07DWHZVSL,,B07D8GSK46,,
1TAA0001-00L-BLACK,B06XD624DH,B07D8HDMDZ,,B07D8G8N1S,,
1TAA0001-00L-CAROLINABLUE,B06XCTR5GR,B07D8H2K1Q,,B07D8CNGCJ,,
1TAA0001-00L-CHARCOAL,B07DWH5BFK,B07DWJZC44,,NoListing,,
1TAA0001-00L-GOLD,B06XCG12H3,B07DWJ8KYC,,B07D8JSZGN,,
1TAA0001-00L-HEATHERGRAY,B06XN6GNQ5,B07D8FVJFF,,B07D8FNYVL,,
1TAA0001-00L-NAVY,B06XN5ZVNH,B07DWHYZTK,,B07D8HNRCC,,
1TAA0001-00L-ORANGE,B07D1FZ18N,B07DWD5LRZ,,B07D8GMVQW,,
1TAA0001-00L-RED,B06XD1Q2L4,B07D8FQ16B,,B07D8FL6BR,,
1TAA0001-00L-ROYALBLUE,B07ML7R74H,B07D8D8LJC,,B07D8BMPT4,,
1TAA0001-00L-WHITE,B06XD2VLD4,B07DWD3V9B,,B07D8D492K,,
1TAA0001-0XL-BLACK,B06XN5YL43,B07D8D24D7,,B07D8KMYCQ,,
1TAA0001-0XL-CAROLINABLUE,B06XCWFB2G,B07D8FHJXL,,B07D8C6HMJ,,
1TAA0001-0XL-CHARCOAL,B07DW9GNH2,B07DWDKYBL,,NoListing,,
1TAA0001-0XL-GOLD,B06XD16SRB,B07DWND3HX,,B07D8DS2RV,,
1TAA0001-0XL-HEATHERGRAY,B06XD1W4CP,B07D8Q4G4B,,B07D8D8JGL,,
1TAA0001-0XL-NAVY,B06XD398MR,B07DWDS1RT,,B07D8D6JS2,,
1TAA0001-0XL-ORANGE,B07D1FCDW4,B07DWM41L4,,B07D8F3FJL,,
1TAA0001-0XL-RED,B06XD586WK,B07D8CCD26,,B07D8HHBJP,,
1TAA0001-0XL-ROYALBLUE,B06XD1V2BJ,B07D8DN2BF,,B07D8GFPJW,,
1TAA0001-0XL-WHITE,B06XCT7MVN,B07DWFSD1Y,,B07D8LG6RV,,
1TAA0001-2XL-BLACK,B06XCKHGLZ,B07D8CJ7L1,,B07D8H4RLM,,
1TAA0001-2XL-CAROLINABLUE,B06XD1V195,B07D8DV4PX,,B07D8GSK45,,
1TAA0001-2XL-CHARCOAL,B07DWCBV3W,B07DWCT7L7,,NoListing,,
1TAA0001-2XL-GOLD,B06XD3RVWV,B07DWDN4BZ,,B07D8F52YM,,
1TAA0001-2XL-HEATHERGRAY,B06XN5PS38,B07D8F189Q,,B07D8JDWPY,,
1TAA0001-2XL-NAVY,B06XCFX257,B07DWF1F57,,B07D8FYL1G,,
1TAA0001-2XL-ORANGE,B07D1GFXLL,B07DWGWRZ7,,B07D8FV3GJ,,
1TAA0001-2XL-RED,B06XN59P2D,B07D8DX68T,,B07D8D2DJS,,
1TAA0001-2XL-ROYALBLUE,B06XCKJT8Y,B07D8G3T35,,B07D8DLD2M,,
1TAA0001-2XL-WHITE,B06XCZLQJS,B07DWCB825,,B07D8HN61X,,
1TAA0001-3XL-BLACK,B06XN6CM8W,B07D8RQTK5,,B07D8HHBJQ,,
1TAA0001-3XL-CAROLINABLUE,B06XCKJTXY,B07D8GMWKW,,B07D8CGWFJ,,
1TAA0001-3XL-CHARCOAL,B07DWFHZY2,B07DWGKW39,,NoListing,,
1TAA0001-3XL-GOLD,B06XD1SP98,B07DWDC3GC,,B07D8HWC46,,
1TAA0001-3XL-HEATHERGRAY,B06XD1T7WS,B07D8HJXL6,,B07D8F5H43,,
1TAA0001-3XL-NAVY,B06XD67JF8,B07DWQR5F5,,B07D8CWYW7,,
1TAA0001-3XL-ORANGE,B07D1HD5YQ,B07DWCMRNF,,B07D8J9TR6,,
1TAA0001-3XL-RED,B06XD1VRN5,B07D8FKWX8,,B07D8GN7LP,,
1TAA0001-3XL-ROYALBLUE,B07MHN6KL4,B07D8J43J9,,B07D8HNWGZ,,
1TAA0001-3XL-WHITE,B06XCK2KG3,B07DWLCNYQ,,B07D8H56F6,,
1TAA0002-00S-ATHLETICHEATH,B06XYV24GK,,,,,
1TAA0002-00S-BLACK,B06XYSD888,,,B07HHLG2HM,,
1TAA0002-00S-BURGUNDY,B06XYV4KTB,,,B07HHKQ39X,,
1TAA0002-00S-CAROLINABLUE,B06XYSQ8X9,,,B07HHLNJ8C,,
1TAA0002-00S-CHARCOAL,B06XYSKL2C,,,B07HHL5233,,
1TAA0002-00S-CHARCOALHEATH,B06XYDGN2D,,,B07HHJGKT7,,
1TAA0002-00S-DARKCHOCOLATE,B06XYSRXX1,,,B07HHLBLQ7,,
1TAA0002-00S-FORESTGREEN,B06XYT7QW9,,,B07HHL8F7L,,
1TAA0002-00S-GOLD,B06XYF9CXB,,,B07HHLGR36,,
1TAA0002-00S-HOTPINK,B06XYTV4QR,,,B07HHM1HYB,,
1TAA0002-00S-KELLYGREEN,B06XYST1HM,,,B07HHMK959,,
1TAA0002-00S-LIMEGREEN,B06XYT2V1J,,,B07HHKKC1X,,
1TAA0002-00S-NAVY,B06XYTM6XD,,,B07HHKQY37,,
1TAA0002-00S-ORANGE,B06XYDSRHB,,,B07HHL589L,,
1TAA0002-00S-PINK,B06XYNTML8,,,B07HHKLV91,,
1TAA0002-00S-PURPLE,B06XYTWJ5R,,,B07HHHBM8M,,
1TAA0002-00S-RED,B06XYNTNNZ,,,B07HHMFB9J,,
1TAA0002-00S-ROYALBLUE,B06XYRJ19M,,,B07HHJRYHL,,
1TAA0002-00S-SAND,B06XYTRZ4N,,,B07HHJS7Z2,,
1TAA0002-00S-TURQUOISE,B06XYTK56L,,,B07HHK68JS,,
1TAA0002-00S-WHITE,B06XYT2V1K,,,,,
1TAA0002-00S-YELLOW,B06XYSGLT8,,,B07HHL8V1V,,
1TAA0002-00M-ATHLETICHEATH,B06XYT6LYZ,,,,,
1TAA0002-00M-BLACK,B06XYRJN87,,,B07HHKVZR8,,
1TAA0002-00M-BURGUNDY,B06XYSQ218,,,B07HHL6SR5,,
1TAA0002-00M-CAROLINABLUE,B06XYDV2QC,,,B07HHM1BZC,,
1TAA0002-00M-CHARCOAL,B06XYTGG6N,,,B07HHM58T2,,
1TAA0002-00M-CHARCOALHEATH,B06XYT37DM,,,B07HHKTHQG,,
1TAA0002-00M-DARKCHOCOLATE,B06XYSRQ94,,,B07HHJH3C5,,
1TAA0002-00M-FORESTGREEN,B06XYTQLMP,,,B07HHJYRYM,,
1TAA0002-00M-GOLD,B06XYGHDGT,,,B07HHL6SJR,,
1TAA0002-00M-HOTPINK,B06XYT5Q5H,,,B07HHL6TCJ,,
1TAA0002-00M-KELLYGREEN,B06XYHM16R,,,B07HHJ8BH6,,
1TAA0002-00M-LIMEGREEN,B06XYRX33F,,,B07HHKQGJZ,,
1TAA0002-00M-NAVY,B06XYSH8GY,,,B07HHK5FDV,,
1TAA0002-00M-ORANGE,B06XYDV226,,,B07HHLPMJH,,
1TAA0002-00M-PINK,B06XYHDBFF,,,B07HHJN2XK,,
1TAA0002-00M-PURPLE,B06XYDGMGN,,,B07HHJGYTL,,
1TAA0002-00M-RED,B06XYTM4TC,,,B07HHK2K17,,
1TAA0002-00M-ROYALBLUE,B06XYTPS8Z,,,B07HHJ2V4F,,
1TAA0002-00M-SAND,B06XYTF7TN,,,B07HHL8V1Y,,
1TAA0002-00M-TURQUOISE,B06XYVC2C3,,,B07HHKJGLY,,
1TAA0002-00M-WHITE,B06XYTMWDT,,,,,
1TAA0002-00M-YELLOW,B06XYTLTDX,,,B07HHJC69R,,
1TAA0002-00L-ATHLETICHEATH,B06XYV24GJ,,,,,
1TAA0002-00L-BLACK,B06XYTV4QQ,,,B07HHKQ825,,
1TAA0002-00L-BURGUNDY,B06XYT46F8,,,B07HHJSQNQ,,
1TAA0002-00L-CAROLINABLUE,B06XYRX33G,,,B07HHLBQQ9,,
1TAA0002-00L-CHARCOAL,B06XYHKVGK,,,B07HHLML11,,
1TAA0002-00L-CHARCOALHEATH,B06XYSQ8X8,,,B07HHPMTHM,,
1TAA0002-00L-DARKCHOCOLATE,B06XYV37WG,,,B07HHLPMJR,,
1TAA0002-00L-FORESTGREEN,B06XYSMD2H,,,B07HHLFKQF,,
1TAA0002-00L-GOLD,B06XYVDM2R,,,B07HHMRXHY,,
1TAA0002-00L-HOTPINK,B06XYSXTMG,,,B07HHJXNLB,,
1TAA0002-00L-KELLYGREEN,B06XYSP327,,,B07HHLK3TV,,
1TAA0002-00L-LIMEGREEN,B06XYDVZ4Y,,,B07HHLB6N6,,
1TAA0002-00L-NAVY,B06XYSGLT9,,,B07HHLGW1W,,
1TAA0002-00L-ORANGE,B06XYTPS8Y,,,B07HHL8DBG,,
1TAA0002-00L-PINK,B06XYNH7WN,,,B07HHHJ4VT,,
1TAA0002-00L-PURPLE,B06XYSD88B,,,B07HHLH3GC,,
1TAA0002-00L-RED,B06XYSC17G,,,B07HHKJHBJ,,
1TAA0002-00L-ROYALBLUE,B06XYTDC4H,,,B07HHJB2Y4,,
1TAA0002-00L-SAND,B06XYT3JFC,,,B07HHL6LZ6,,
1TAA0002-00L-TURQUOISE,B06XYT85LH,,,B07HHJJG5R,,
1TAA0002-00L-WHITE,B06XYVDM2S,,,,,
1TAA0002-00L-YELLOW,B06XYR432Z,,,B07HHLXVYB,,
1TAA0002-0XL-ATHLETICHEATH,B06XYSGYKY,,,,,
1TAA0002-0XL-BLACK,B06XYTBM75,,,B07HHKSH9C,,
1TAA0002-0XL-BURGUNDY,B06XYR86GT,,,B07HHKMTW1,,
1TAA0002-0XL-CAROLINABLUE,B06XYRGP56,,,B07HHF8PG7,,
1TAA0002-0XL-CHARCOAL,B06XYQSJ8X,,,B07HHL56W4,,
1TAA0002-0XL-CHARCOALHEATH,B06XYRBWXN,,,B07HHJ3VJM,,
1TAA0002-0XL-DARKCHOCOLATE,B06XYTRC2F,,,B07HHKT3WX,,
1TAA0002-0XL-FORESTGREEN,B06XYT5RCM,,,B07HHHCS65,,
1TAA0002-0XL-GOLD,B06XYTDC4J,,,B07HHJV4RQ,,
1TAA0002-0XL-HOTPINK,B06XYR91WN,,,B07HHKL445,,
1TAA0002-0XL-KELLYGREEN,B06XYSRQ96,,,B07HHM3HBF,,
1TAA0002-0XL-LIMEGREEN,B06XYT16HZ,,,B07HHKSXS1,,
1TAA0002-0XL-NAVY,B06XYSPSZQ,,,B07HHLWHB1,,
1TAA0002-0XL-ORANGE,B06XYJ9GM8,,,B07HHLZSG3,,
1TAA0002-0XL-PINK,B06XYHM16S,,,B07HHHX2T9,,
1TAA0002-0XL-PURPLE,B06XYT8K8D,,,B07HHJGMRX,,
1TAA0002-0XL-RED,B06XYT4PW5,,,B07HHK5KC9,,
1TAA0002-0XL-ROYALBLUE,B06XYSRZSZ,,,B07HHK7QMQ,,
1TAA0002-0XL-SAND,B06XYSW13M,,,B07HHJS2LD,,
1TAA0002-0XL-TURQUOISE,B06XYDSR7X,,,B07HHM1HYD,,
1TAA0002-0XL-WHITE,B06XYTM5X3,,,,,
1TAA0002-0XL-YELLOW,B06XYQSL3B,,,B07HHLPG7F,,
1TAA0002-2XL-ATHLETICHEATH,B06XYSPZ1P,,,,,
1TAA0002-2XL-BLACK,B06XYJ9H5M,,,B07HHKY4FK,,
1TAA0002-2XL-BURGUNDY,B06XYNTM8Z,,,B07HHL2KKM,,
1TAA0002-2XL-CAROLINABLUE,B06XYTF9HY,,,B07HHJGLPQ,,
1TAA0002-2XL-CHARCOAL,B06XYST6VC,,,B07HHL99MG,,
1TAA0002-2XL-CHARCOALHEATH,B06XYSSNT7,,,B07HHLMPDM,,
1TAA0002-2XL-DARKCHOCOLATE,B06XYSGYKZ,,,B07HHKH43V,,
1TAA0002-2XL-FORESTGREEN,B06XYVGQ51,,,B07HHKR29C,,
1TAA0002-2XL-GOLD,B06XYTV32R,,,B07HHKFJW1,,
1TAA0002-2XL-HOTPINK,B06XYHKVGL,,,B07HHLB4DR,,
1TAA0002-2XL-KELLYGREEN,B06XYTG7J7,,,B07HHKLTSW,,
1TAA0002-2XL-LIMEGREEN,B06XYF99PJ,,,B07HHKJGLW,,
1TAA0002-2XL-NAVY,B06XYTKT8Y,,,B07HHM53VY,,
1TAA0002-2XL-ORANGE,B06XYTBJ94,,,B07HHK7PFM,,
1TAA0002-2XL-PINK,B06XYSS8KV,,,B07HHL6TCK,,
1TAA0002-2XL-PURPLE,B06XYSPZ1N,,,B07HHL1MTV,,
1TAA0002-2XL-RED,B06XYTRZ4M,,,B07HHJN2XL,,
1TAA0002-2XL-ROYALBLUE,B06XYHLYHS,,,B07HHKLK27,,
1TAA0002-2XL-SAND,B06XYSG7RC,,,B07HHN3GZD,,
1TAA0002-2XL-TURQUOISE,B06XYSWFDC,,,B07HHL9S6F,,
1TAA0002-2XL-WHITE,B06XYNXGCB,,,,,
1TAA0002-2XL-YELLOW,B06XYSZ2BY,,,B07HHN976S,,
1TAA0002-3XL-ATHLETICHEATH,B06XYTK56N,,,,,
1TAA0002-3XL-BLACK,B06XYNTM8Y,,,B07HHLK1SC,,
1TAA0002-3XL-BURGUNDY,B06XYT8TBH,,,B07HHK8Y6W,,
1TAA0002-3XL-CAROLINABLUE,B06XYTFM2B,,,B07HHLCL8M,,
1TAA0002-3XL-CHARCOAL,B06XYRQPP4,,,B07HHLTQCJ,,
1TAA0002-3XL-CHARCOALHEATH,B06XYSY96J,,,B07HHJNL6F,,
1TAA0002-3XL-DARKCHOCOLATE,B06XYVV5KC,,,B07HHK7NT3,,
1TAA0002-3XL-FORESTGREEN,B06XYR7C2R,,,B07HHLNJ8L,,
1TAA0002-3XL-GOLD,B06XYDGMGM,,,B07HHL2VT9,,
1TAA0002-3XL-HOTPINK,B06XYT5XWX,,,B07HHJGLYZ,,
1TAA0002-3XL-KELLYGREEN,B06XYSMGSX,,,B07HHLTKW7,,
1TAA0002-3XL-LIMEGREEN,B06XYST7YJ,,,B07HHL3L98,,
1TAA0002-3XL-NAVY,B06XYV4PNF,,,B07HHJYBCN,,
1TAA0002-3XL-ORANGE,B06XYVPTH8,,,B07HHLPLZQ,,
1TAA0002-3XL-PINK,B06XYST6VB,,,B07HHKYFF5,,
1TAA0002-3XL-PURPLE,B06XYF9BRQ,,,B07HHKWW3R,,
1TAA0002-3XL-RED,B06XYSMJM1,,,B07HHLSTJV,,
1TAA0002-3XL-ROYALBLUE,B06XYNTNXS,,,B07HHLGYL9,,
1TAA0002-3XL-SAND,B06XYTR628,,,B07HHMPHM4,,
1TAA0002-3XL-TURQUOISE,B06XYTBJ91,,,B07HHJRTYL,,
1TAA0002-3XL-WHITE,B06XYRTTZQ,,,,,
1TAA0002-3XL-YELLOW,B06XYTQ7CS,,,B07HHL5QGG,,